policy_id,drone_customers,n_selected_sorties,truck_distance_km,duration_min,co2_kg,total_risk,cost_usd,resilience_penalty,coordination_delay,airspace_penalty,overuse_penalty,selected_sortie_ids,representative_type,selection_score
MVP2_1_NSGA2_0003,11,11,46.3273284,370.2564791926361,15.829912131716688,0.6902790627200001,1187.5375742077392,1231.104235649252,18.029486839694933,3.0,0.0,SRT_0024|SRT_0027|SRT_0032|SRT_0042|SRT_0055|SRT_0063|SRT_0095|SRT_0120|SRT_0122|SRT_0128|SRT_0143,min_duration,0.0
MVP2_1_NSGA2_0001,18,18,37.4715192,508.9278055328402,13.491650644899583,2.09266201536,1461.8151730262857,4086.8270268207307,33.36822773129531,192.0,1620.0,SRT_0010|SRT_0024|SRT_0027|SRT_0032|SRT_0039|SRT_0042|SRT_0055|SRT_0059|SRT_0063|SRT_0075|SRT_0084|SRT_0095|SRT_0116|SRT_0120|SRT_0122|SRT_0128|SRT_0131|SRT_0143,min_co2,0.0
MVP2_1_NSGA2_0000,0,0,60.2436,449.8633155080214,19.87660875385785,0.04819488,1345.8843617785944,1212.752446652916,0.0,0.0,0.0,,min_risk,0.0
MVP2_1_NSGA2_0003,11,11,46.3273284,370.2564791926361,15.829912131716688,0.6902790627200001,1187.5375742077392,1231.104235649252,18.029486839694933,3.0,0.0,SRT_0024|SRT_0027|SRT_0032|SRT_0042|SRT_0055|SRT_0063|SRT_0095|SRT_0120|SRT_0122|SRT_0128|SRT_0143,min_cost,0.0
MVP2_1_NSGA2_0004,6,6,52.6529064,404.7400528197398,17.632456050871763,0.26687592511999997,1256.1281321944916,1178.2745360104975,8.451456732395751,0.0,0.0,SRT_0024|SRT_0027|SRT_0055|SRT_0063|SRT_0122|SRT_0143,min_resilience_penalty,0.0
MVP2_1_NSGA2_0003,11,11,46.3273284,370.2564791926361,15.829912131716688,0.6902790627200001,1187.5375742077392,1231.104235649252,18.029486839694933,3.0,0.0,SRT_0024|SRT_0027|SRT_0032|SRT_0042|SRT_0055|SRT_0063|SRT_0095|SRT_0120|SRT_0122|SRT_0128|SRT_0143,balanced_compromise,0.15512528492730135
MVP2_1_NSGA2_0070,5,5,53.918022,412.40485889517464,17.999964834702777,0.2131744176,1271.057703791842,1179.7023541701287,6.7290695154954925,0.0,0.0,SRT_0024|SRT_0027|SRT_0063|SRT_0122|SRT_0143,safety_first,0.16903753289995616
MVP2_1_NSGA2_0018,13,13,43.797097199999996,379.63956107078036,15.135394564054659,0.9841848777600001,1205.7829310130383,1468.113760351571,22.21629838875652,27.0,45.0,SRT_0024|SRT_0027|SRT_0032|SRT_0042|SRT_0055|SRT_0063|SRT_0095|SRT_0116|SRT_0120|SRT_0122|SRT_0128|SRT_0131|SRT_0143,low_carbon,0.23137164441004815
MVP2_1_NSGA2_0003,11,11,46.3273284,370.2564791926361,15.829912131716688,0.6902790627200001,1187.5375742077392,1231.104235649252,18.029486839694933,3.0,0.0,SRT_0024|SRT_0027|SRT_0032|SRT_0042|SRT_0055|SRT_0063|SRT_0095|SRT_0120|SRT_0122|SRT_0128|SRT_0143,efficiency_first,0.07706194813401958
